{
  "architecture": "convtransformer",
  "architecture_display": "ConvTransformer-v2",
  "seed": 1,
  "selected_threshold": 0.3,
  "validation_metrics": {
    "architecture": "convtransformer",
    "architecture_display": "ConvTransformer-v2",
    "seed": 1,
    "train_samples": 10000,
    "validation_samples": 20000,
    "test_samples": 200000,
    "reduced_run": true,
    "split": "validation",
    "threshold": 0.3,
    "accuracy": 0.64635,
    "precision": 0.6975300310433257,
    "recall": 0.5168,
    "f1_score": 0.5937158940777758,
    "false_positive_rate": 0.2240999999997759,
    "false_negative_rate": 0.48319999999951674,
    "jaccard_coefficient": 0.42218772976029556,
    "true_negatives": 7759,
    "false_positives": 2241,
    "false_negatives": 4832,
    "true_positives": 5168,
    "all_changepoint_n": 10000,
    "all_changepoint_mae": 13.746893882751465,
    "all_changepoint_rmse": 16.52492605588127,
    "true_positive_n": 5168,
    "true_positive_mae": 12.718449592590332,
    "true_positive_rmse": 15.637530620005244,
    "selected": true
  },
  "test_metrics": {
    "architecture": "convtransformer",
    "architecture_display": "ConvTransformer-v2",
    "seed": 1,
    "train_samples": 10000,
    "validation_samples": 20000,
    "test_samples": 200000,
    "reduced_run": true,
    "split": "test",
    "threshold": 0.3,
    "accuracy": 0.63738,
    "precision": 0.6858998646820027,
    "recall": 0.50688,
    "f1_score": 0.5829557216791259,
    "false_positive_rate": 0.2321199999999768,
    "false_negative_rate": 0.4931199999999507,
    "jaccard_coefficient": 0.41138850111998737,
    "true_negatives": 76788,
    "false_positives": 23212,
    "false_negatives": 49312,
    "true_positives": 50688,
    "all_changepoint_n": 100000,
    "all_changepoint_mae": 13.638280868530273,
    "all_changepoint_rmse": 16.415515426830666,
    "true_positive_n": 50688,
    "true_positive_mae": 12.613825798034668,
    "true_positive_rmse": 15.559925034840102,
    "selected": true
  },
  "output_dir": "results\\multiseed_v2_L100_reduced10k_convtransformer_only\\convtransformer_seed1"
}