architecture,architecture_display,seed,train_samples,validation_samples,test_samples,reduced_run,split,threshold,accuracy,precision,recall,f1_score,false_positive_rate,false_negative_rate,jaccard_coefficient,true_negatives,false_positives,false_negatives,true_positives,all_changepoint_n,all_changepoint_mae,all_changepoint_rmse,true_positive_n,true_positive_mae,true_positive_rmse,selected,run_dir
convtransformer,ConvTransformer-v2,1,10000,20000,200000,True,test,0.3,0.63738,0.6858998646820027,0.50688,0.5829557216791259,0.2321199999999768,0.4931199999999507,0.4113885011199873,76788,23212,49312,50688,100000,13.638280868530272,16.415515426830666,50688,12.613825798034668,15.559925034840102,True,results\multiseed_v2_L100_reduced10k_convtransformer_only\convtransformer_seed1
convtransformer,ConvTransformer-v2,123,10000,20000,200000,True,test,0.3,0.5,0.5,1.0,0.6666666666666666,0.9999999999999,0.0,0.4999999999999749,0,100000,0,100000,100000,15.26722240447998,17.622180036761822,100000,15.26722240447998,17.622180036761822,True,results\multiseed_v2_L100_reduced10k_convtransformer_only\convtransformer_seed123
convtransformer,ConvTransformer-v2,2,10000,20000,200000,True,test,0.38,0.500005,0.5000025000375006,0.99999,0.6666666666666666,0.9999799999999,9.999999999999e-06,0.4999999999999749,2,99998,1,99999,100000,15.268583297729492,17.62416107129065,99999,15.268465995788574,17.624042457920762,True,results\multiseed_v2_L100_reduced10k_convtransformer_only\convtransformer_seed2
convtransformer,ConvTransformer-v2,3,10000,20000,200000,True,test,0.3,0.5,0.5,1.0,0.6666666666666666,0.9999999999999,0.0,0.4999999999999749,0,100000,0,100000,100000,15.26834487915039,17.623380978941192,100000,15.26834487915039,17.623380978941192,True,results\multiseed_v2_L100_reduced10k_convtransformer_only\convtransformer_seed3
convtransformer,ConvTransformer-v2,42,10000,20000,200000,True,test,0.3,0.67587,0.7041060278996356,0.6067,0.6517838917954943,0.2549599999999745,0.3932999999999607,0.4834417033211828,74504,25496,39330,60670,100000,12.97080898284912,15.913125221693225,60670,11.673320770263672,14.78304094428974,True,results\multiseed_v2_L100_reduced10k_convtransformer_only\convtransformer_seed42
