{
  "selected_penalty": 8.0,
  "selected_validation_metrics": {
    "baseline": "PELT",
    "split": "validation",
    "penalty": 8.0,
    "accuracy": 0.5356,
    "precision": 0.5361715098557204,
    "recall": 0.5277,
    "f1_score": 0.531902026005443,
    "false_positive_rate": 0.45649999999954344,
    "false_negative_rate": 0.47229999999952765,
    "jaccard_coefficient": 0.36230690010273786,
    "true_negatives": 5435,
    "false_positives": 4565,
    "false_negatives": 4723,
    "true_positives": 5277,
    "all_changepoint_n": 10000,
    "all_changepoint_mae": 55.72079849243164,
    "all_changepoint_rmse": 70.59674072265625,
    "true_positive_n": 5277,
    "true_positive_mae": 16.09020233154297,
    "true_positive_rmse": 22.23533438504678,
    "selection_score": 35.67655958916331,
    "selected": true
  },
  "test_metrics": {
    "baseline": "PELT",
    "split": "test",
    "penalty": 8.0,
    "accuracy": 0.534055,
    "precision": 0.5346175349428208,
    "recall": 0.52593,
    "f1_score": 0.5302381852551985,
    "false_positive_rate": 0.4578199999999542,
    "false_negative_rate": 0.4740699999999526,
    "jaccard_coefficient": 0.3607647034613079,
    "true_negatives": 54218,
    "false_positives": 45782,
    "false_negatives": 47407,
    "true_positives": 52593,
    "all_changepoint_n": 100000,
    "all_changepoint_mae": 55.98836898803711,
    "all_changepoint_rmse": 70.73228454589844,
    "true_positive_n": 52593,
    "true_positive_mae": 16.31656265258789,
    "true_positive_rmse": 22.33475630293127
  },
  "output_dir": "results\\pelt_baseline_L100_full_penalty8"
}