{
  "architecture": "convtransformer",
  "architecture_display": "ConvTransformer-v2",
  "seed": 42,
  "selected_threshold": 0.3,
  "validation_metrics": {
    "architecture": "convtransformer",
    "architecture_display": "ConvTransformer-v2",
    "seed": 42,
    "train_samples": 10000,
    "validation_samples": 20000,
    "test_samples": 200000,
    "reduced_run": true,
    "split": "validation",
    "threshold": 0.3,
    "accuracy": 0.67715,
    "precision": 0.7043488291613796,
    "recall": 0.6106,
    "f1_score": 0.6541325191493921,
    "false_positive_rate": 0.2562999999997437,
    "false_negative_rate": 0.38939999999961056,
    "jaccard_coefficient": 0.4860304067495932,
    "true_negatives": 7437,
    "false_positives": 2563,
    "false_negatives": 3894,
    "true_positives": 6106,
    "all_changepoint_n": 10000,
    "all_changepoint_mae": 13.053120613098145,
    "all_changepoint_rmse": 16.033222991711714,
    "true_positive_n": 6106,
    "true_positive_mae": 11.761882781982422,
    "true_positive_rmse": 14.893596404736751,
    "selected": true
  },
  "test_metrics": {
    "architecture": "convtransformer",
    "architecture_display": "ConvTransformer-v2",
    "seed": 42,
    "train_samples": 10000,
    "validation_samples": 20000,
    "test_samples": 200000,
    "reduced_run": true,
    "split": "test",
    "threshold": 0.3,
    "accuracy": 0.67587,
    "precision": 0.7041060278996356,
    "recall": 0.6067,
    "f1_score": 0.6517838917954943,
    "false_positive_rate": 0.2549599999999745,
    "false_negative_rate": 0.3932999999999607,
    "jaccard_coefficient": 0.48344170332118286,
    "true_negatives": 74504,
    "false_positives": 25496,
    "false_negatives": 39330,
    "true_positives": 60670,
    "all_changepoint_n": 100000,
    "all_changepoint_mae": 12.970808982849121,
    "all_changepoint_rmse": 15.913125221693225,
    "true_positive_n": 60670,
    "true_positive_mae": 11.673320770263672,
    "true_positive_rmse": 14.78304094428974,
    "selected": true
  },
  "output_dir": "results\\multiseed_v2_L100_reduced10k_convtransformer_only\\convtransformer_seed42"
}