baseline,penalty,validation_samples,test_samples,accuracy,precision,recall,f1,fpr,fnr,tn,fp,fn,tp,mae_all,rmse_all,mae_tp,rmse_tp
PELT,8.0,20000,200000,0.534055,0.5346175349,0.52593,0.5302381853,0.45782,0.47407,54218,45782,47407,52593,55.9883689880,70.7322845459,16.3165626526,22.3347563029
